id,question_code,question_number,question_text,category_id,category_name,is_start_question,parent_question_id,check_box,max_select,block_number,block_text,color_code,version
1,1_1,1,Who’s one person you could thank today—even if it’s been hard to notice the good?,1,1st_Thing_1st,,,FALSE,1,1,"A thank-you is the best first move. 

Someone to Thank",#FFE066,1
2,1_2,2,What happened when you said it?,1,1st_Thing_1st,,,FALSE,1,1,Someone to Thank,#D6C7E7,1
3,1_3,3,"Curiosity is the fuel for ideas. Pick one spark and let your imagination run with it.

What is the one question you could ask in class today? ",1,1st_Thing_1st,,,FALSE,1,2,Ask 1 Question in Class: That Can Change the Way You See School,#98FB98,1
4,1_4,4," When you let your mind wander, which future sparks your curiosity?

If you could solve any problem in the world, which one would you choose?",1,1st_Thing_1st,,,FALSE,1,3,Ask 1 Question in Your Daydream: That Can Change the Way You See Your Life,#FFAD84,1
5,1_5,5,"If you could create your dream job or start a business, what would it do?",1,1st_Thing_1st,,,FALSE,1,3,Ask 1 Question in Your Daydream: That Can Change the Way You See Your Life,#ADD8E6,1
6,1_6,6,"If you already have a dream, what’s one step you could take this week toward it?",1,1st_Thing_1st,,,FALSE,1,3,Ask 1 Question in Your Daydream: That Can Change the Way You See Your Life,#D6C7E7,1
7,1_7,7,What was your favorite subject in school when you were my age?,1,1st_Thing_1st,,,FALSE,1,4,Ask 1 Question at Dinner: That Can Change the Way You See Your Parents — and the Way They See You.,#F08080,1
8,1_8,8,What’s one decision you made in your career that made you proud?,1,1st_Thing_1st,,,FALSE,1,4,Ask 1 Question at Dinner: That Can Change the Way You See Your Parents — and the Way They See You.,#ADD8E6,1
9,1_9,9,"If you could go back and study something different, what would it be?",1,1st_Thing_1st,,,FALSE,1,4,Ask 1 Question at Dinner: That Can Change the Way You See Your Parents — and the Way They See You.,#FFE066,1
10,2_1,1,"“Status: undefined, but not unloved.”
Not all love lives are loud.
Some are still forming, healing, daydreaming, or blooming when no one’s watching.
What’s yours trying to say right now?

If your love life had a status update, what would it say?",2,Love,,,FALSE,1,1,Do They Like Me?,#FFE066,1
11,2_2,2,What kind of love do you believe in?,2,Love,,,FALSE,1,2,"Small Moves, Big Feels
[playlist:Love]",#D6C7E7,1
12,2_3,3,"Real safety isn’t just about avoiding harm—it’s about feeling free to be yourself.
You deserve people who don’t just like you—but protect your peace.
What makes you feel safe with someone?",2,Love,,,TRUE,10,3,Kind of a Couple,#98FB98,1
13,2_4,4,"Which meet-cute(s) would you totally fall for?
(Pick all that make your heart do the thing 💘)",2,Love,,,TRUE,10,1,Do They Like Me?,#FFAD84,1
14,2_5,5,"Real love isn’t about perfect.
It’s about the little weird things that make someone feel weirdly right.
What’s your crush ick you secretly find cute?",2,Love,,,TRUE,10,3,Kind of a Couple,#ADD8E6,1
15,2_6,6,What do you imagine when you think about your first love?,2,Love,,,TRUE,10,1,Do They Like Me?,#D6C7E7,1
16,2_7,7,Which line from a rom-com would you want someone to say to you?,2,Love,,,TRUE,10,1,Do They Like Me?,#F08080,1
17,2_8,8,How do you act when your crush is nearby?,2,Love,,,TRUE,10,1,Do They Like Me?,#ADD8E6,1
18,2_9,9,How do you show someone you like them? [playlist:Love],2,Love,,,TRUE,10,2,"Small Moves, Big Feels
🎵[playlist:Love]",#FFE066,1
19,2_10,10,What do you wish someone you like understood about you?,2,Love,,,TRUE,10,2,"Small Moves, Big Feels
🎵[playlist:Love]",#D6C7E7,1
20,2_11,11,"What makes you feel uneasy in a relationship—even if it’s not “bad” on paper?
You’re not asking for too much. You’re just done playing chill when you need real.",2,Love,,,TRUE,10,3,Kind of a Couple,#F08080,1
21,2_12,12,"Heartbreak doesn’t follow rules. Whether you cried, created, or just kept going—you showed up for yourself. And that matters.
When your crush likes someone else",2,Love,,,TRUE,10,2,"Small Moves, Big Feels
🎵[playlist:Love]",#D6C7E7,1
22,2_13,13,"Moving on isn’t one path—it’s a mess of thoughts, feelings, masks, and moments.
You don’t need to do it perfectly. Just honestly.

What made your old love finally feel… less loud?",2,Love,,,TRUE,10,5," The Sky That Stayed
🎵[playlist:Breakup]",#ADD8E6,1
23,2_14,14,"If someone likes you but you don’t feel the same, what do you do?",2,Love,,,TRUE,10,2,"Small Moves, Big Feels
🎵[playlist:Love]",#98FB98,1
24,2_15,15,"If someone told you 'I love you' way too early, what would you do?",2,Love,,,TRUE,10,1,Do They Like Me?,#B0C4DE,1
25,2_16,16,"Ghosting doesn’t mean you’re unworthy—it means they didn’t know how to show up.
You don’t have to carry their silence like it’s your fault.

If someone ghosted you, what would you tell yourself?",2,Love,,,TRUE,10,4,"Ghosts, Gaps & Goodbyes",#F08080,1
26,2_17,17,"Sometimes it’s not the breakup—it’s the after.
The silence. The space. The stories you’ll never get to ask.
You’re allowed to miss what mattered.
[playlist:Breakup]

What hurts most after a breakup?",2,Love,,,TRUE,10,4,"Ghosts, Gaps & Goodbyes",#ADD8E6,1
27,2_18,18,How do you act around someone who broke your heart?,2,Love,,,TRUE,10,5," The Sky That Stayed
🎵[playlist:Breakup]",#ADD8E6,1
28,2_19,19,"Some things never got said.
That doesn’t mean they weren’t true.
You still get to speak your version—even if they never hear it.
What do you wish you could say to the person who broke your heart?",2,Love,,,TRUE,10,5," The Sky That Stayed
🎵[playlist:Breakup]",#ADD8E6,1
29,2_20,20,"Breakups don’t always end at goodbye.
Sometimes the hardest part is what comes after—the part you watch from afar.
However you react—it’s okay. You’re still healing.
What do you do when your ex starts dating someone new?",2,Love,,,TRUE,10,5," The Sky That Stayed
🎵[playlist:Breakup]",#ADD8E6,1
30,2_21,21,"Sometimes love ends before the truth arrives.
That doesn’t mean you failed—it means you grew.
Even the wrong story can teach you what kind of love is right.

Have you ever realized later that the relationship wasn’t right for you?",2,Love,,,TRUE,10,4,"Ghosts, Gaps & Goodbyes",#ADD8E6,1
31,2_22,22,"Some love stories end with closure. Others end with… screenshots.
Either way, if you can laugh now, it means you’ve made it somewhere new.

What’s a moment from a past relationship you laugh about now?",2,Love,,,FALSE,1,4,"Ghosts, Gaps & Goodbyes",#FFE066,1
32,2_23,23,"If your love life was a playlist, what’s the title?",2,Love,,,TRUE,10,2,"Small Moves, Big Feels
🎵[playlist:Love]",#FFAD84,1
33,2_24,24,"Your love life isn’t broken. It’s just in beta.
Honest status updates are the start of real growth—and great stories.
💘 If your love life had a status update, what would it say?",2,Love,,,FALSE,1,5," The Sky That Stayed
🎵[playlist:Breakup]",#ADD8E6,1
34,2_25,25,"What makes you feel uneasy in a relationship—even if it’s not “toxic”?
Needing peace doesn’t mean you don’t care. It means you know how you stay whole.",2,Love,,,TRUE,10,3,Kind of a Couple,#ADD8E6,1
35,2_26,26,What’s one “How do people even get married?” moment you’ve seen or lived?,2,Love,,,TRUE,10,3,Kind of a Couple,#98FB98,1
36,3_1,1,Do you find making friends…,3,Friends,,,FALSE,1,1,How to Make Friends,#F08080,1
37,3_2,2,Do you have friends right now?,3,Friends,,,FALSE,1,1,How to Make Friends,#ADD8E6,1
38,3_3,3,What’s the easiest way to start talking to someone new?,3,Friends,,,TRUE,10,1,How to Make Friends,#ADD8E6,1
39,3_4,4,"If you want someone to like you, what should you focus on first?",3,Friends,,,TRUE,10,1,How to Make Friends,#98FB98,1
40,3_5,5,What’s the best way to keep a conversation going?,3,Friends,,,TRUE,10,1,How to Make Friends,#FFE066,1
41,3_6,6,When is a good moment to ask someone to hang out?,3,Friends,,,TRUE,10,1,How to Make Friends,#FFE066,1
42,3_7,7,How can you make someone feel important without overdoing it?,3,Friends,,,TRUE,10,1,How to Make Friends,#ADD8E6,1
43,3_8,8,Do you think keeping friends is…,3,Friends,,,FALSE,1,2,How to Keep a Friend,#98FB98,1
44,3_9,9,What’s most important for keeping a friendship strong?,3,Friends,,,TRUE,10,2,How to Keep a Friend,#FFE066,1
45,3_10,10,"If you and a friend argue, what’s the best move?",3,Friends,,,TRUE,10,2,How to Keep a Friend,#FFAD84,1
46,3_11,11,How do you show a friend they matter to you?,3,Friends,,,TRUE,10,2,How to Keep a Friend,#D6C7E7,1
47,3_12,12,What makes you want to step back from a friendship?,3,Friends,,,TRUE,10,2,How to Keep a Friend,#ADD8E6,1
48,3_13,13,What makes someone a real friend?,3,Friends,,,TRUE,10,3,Friend Vibes,#F08080,1
49,3_14,14,What does loyalty mean to you in a friendship?,3,Friends,,,TRUE,10,4,Loyalty?,#ADD8E6,1
50,3_15,15,What kind of friend are you?,3,Friends,,,TRUE,10,3,Friend Vibes,#ADD8E6,1
51,3_16,16,How do you act when a friend gets something you really wanted?,3,Friends,,,TRUE,10,4,Loyalty?,#98FB98,1
52,3_17,17,"Do you ever feel invisible in your friend group?
If yes—what do you think is really going on?",3,Friends,,,TRUE,10,4,Loyalty?,#FFE066,1
53,3_18,18,"If your friend made you feel invisible in a group, what would you do?",3,Friends,,,TRUE,10,4,Loyalty?,#FFE066,1
54,3_19,19,What do you do when a friend hurts your feelings?,3,Friends,,,FALSE,1,3,Friend Vibes,#ADD8E6,1
55,3_20,20,What do you do when a friend breaks your trust?,3,Friends,,,TRUE,10,4,Loyalty?,#98FB98,1
56,3_21,21,Do you believe in second chances with friends?,3,Friends,,,TRUE,10,4,Loyalty?,#FFE066,1
57,3_22,22,"You didn’t get the invite. But you still get to decide who you are.
[playlist:Hurt]

You found out there was a party... but you weren’t invited. How do you feel?",3,Friends,,,TRUE,10,5,No Invite …,#FFAD84,1
58,3_23,23,"When you feel left out, what helps the most?",3,Friends,,,TRUE,10,5,No Invite …,#D6C7E7,1
59,3_24,24,"If your friend left you out, what did you do?",3,Friends,,,TRUE,10,5,No Invite …,#ADD8E6,1
60,3_25,25,Why do you think you were left out?,3,Friends,,,TRUE,10,5,No Invite …,#98FB98,1
61,3_26,26,What do you want to happen next time?,3,Friends,,,TRUE,10,5,No Invite …,#B0C4DE,1
62,3_27,27,"Left out? Okay. Now watch me choose my character arc.

When you’re left out, what kind of person do you want to be anyway?",3,Friends,,,TRUE,10,5,No Invite …,#F08080,1
63,3_28,28,What do you wish your friends understood about you?,3,Friends,,,FALSE,1,3,Friend Vibes,#FFE066,1
64,3_29,29,When a friend chose someone else over you,3,Friends,,,FALSE,1,3,Friend Vibes,#D6C7E7,1
65,3_30,30,"Sometimes fitting in costs more than it’s worth.

Have you ever gone along with something that didn’t feel right to you—just to fit in?",3,Friends,,,FALSE,1,6,Fitting In …,#ADD8E6,1
66,3_31,31,What do you do when you don’t want to go along with what your friends are doing?,3,Friends,,,FALSE,1,6,Fitting In …,#FFE066,1
67,3_32,32,What do you do when you feel like you’re always the second choice?,3,Friends,,,FALSE,1,6,Fitting In …,#FFAD84,1
68,3_33,33,"What do you do when a friend is pulling away, but you’re not sure why?",3,Friends,,,FALSE,1,6,Fitting In …,#D6C7E7,1
69,3_34,34,When a friend chose someone else over you,3,Friends,,,TRUE,10,6,Fitting In …,#ADD8E6,1
70,3_35,35,"**“Being seen” isn’t about attention. It’s about recognition.**
Which kind do you want more of this year?

What’s one way a friend could make you feel seen this year?",3,Friends,,,TRUE,10,6,Fitting In …,#98FB98,1
71,3_36,36,"It stings to be left out.
But picking a guest list isn’t easy either.
Sometimes it’s not personal—it’s just hard.

How do you handle it when you’re the host?",3,Friends,,,FALSE,1,7,Inviting …,#B0C4DE,1
72,3_37,37,How do you handle it when someone feels hurt because you didn’t include them?,3,Friends,,,FALSE,1,7,Inviting …,#F08080,1
73,4_1,1,How much time do you usually spend online each day (outside of schoolwork)?,4,Online_Life,,,FALSE,1,1,Online Life,#ADD8E6,1
74,4_2,2,Where do you spend most of your online time? (Pick 2),4,Online_Life,,,TRUE,2,1,Online Life,#98FB98,1
75,4_3,3,Do you think online friendships are “real friendships”?,4,Online_Life,,,FALSE,1,1,Online Life,#B0C4DE,1
76,4_4,4,What do you like most about being online? ,4,Online_Life,,,TRUE,10,1,Online Life,#F08080,1
77,4_5,5,"Why do you not use certain apps or platforms (like Instagram, TikTok, Snapchat)?",4,Online_Life,,,TRUE,10,1,Online Life,#FFE066,1
78,4_6,6,"Pew Research Center (April 2025) reported: Teens acknowledge both positives and negatives: 74% say it’s enhanced friendships; 63% say it’s sparked creativity—but 39% feel overwhelmed by drama, and 31% pressured to post .

How does social media affect your mood? Then see others. ",4,Online_Life,,,FALSE,1,2,Scroll. Post. Spiral.,#ADD8E6,1
79,4_7,7,What’s your main reason for posting anything?,4,Online_Life,,,FALSE,1,3,Real Feels vs Feed Feels,#ADD8E6,1
80,4_8,8,Who do you feel you have to be on social media?,4,Online_Life,,,TRUE,10,3,Real Feels vs Feed Feels,#98FB98,1
81,4_9,9,How do you feel right before you post something?,4,Online_Life,,,FALSE,1,2,Scroll. Post. Spiral.,#FFE066,1
82,4_10,10,What do you do after you post something?,4,Online_Life,,,FALSE,1,2,Scroll. Post. Spiral.,#ADD8E6,1
83,4_11,11,How do you feel when people leave kind comments on your post?,4,Online_Life,,,FALSE,1,4,"Posts I Regret, Posts I Miss",#FFE066,1
84,4_12,12,"When a post gets a lot of love, what do you think about next?",4,Online_Life,,,FALSE,1,2,Scroll. Post. Spiral.,#FFAD84,1
85,4_13,13,How real are your posts compared to your real life?,4,Online_Life,,,FALSE,1,2,Scroll. Post. Spiral.,#D6C7E7,1
86,4_14,14,Has social media ever made you feel punished for being real?,4,Online_Life,,,FALSE,1,3,Real Feels vs Feed Feels,#ADD8E6,1
87,4_15,15,When your friends post photos from something you weren’t invited to…,4,Online_Life,,,TRUE,10,3,Real Feels vs Feed Feels,#98FB98,1
88,4_16,16,How do you feel when people respond less to your post than theirs?,4,Online_Life,,,TRUE,10,3,Real Feels vs Feed Feels,#B0C4DE,1
89,4_17,17,If your post didn’t get any likes... what’s your first thought?,4,Online_Life,,,FALSE,1,4,"Posts I Regret, Posts I Miss",#F08080,1
90,4_18,18,Do you ever scroll through your own old posts?,4,Online_Life,,,FALSE,1,4,"Posts I Regret, Posts I Miss",#FFE066,1
91,4_19,19,When you see people’s happy posts…,4,Online_Life,,,FALSE,1,5,"Trends, Friends & Emotional Graduation",#98FB98,1
92,4_20,20,What’s your energy when watching a friend go viral?,4,Online_Life,,,FALSE,1,5,"Trends, Friends & Emotional Graduation",#D6C7E7,1
93,4_21,21,What’s your birthday vibe online?,4,Online_Life,,,FALSE,1,6,Birthday Posts: Joy or Judgment?,#ADD8E6,1
94,4_22,22,How do you feel when your birthday gets posted online by the platform (or others)?,4,Online_Life,,,FALSE,1,6,Birthday Posts: Joy or Judgment?,#98FB98,1
95,4_23,23,"When people post birthday edits on TikTok, do you ever feel weird about your own?",4,Online_Life,,,FALSE,1,6,Birthday Posts: Joy or Judgment?,#FFAD84,1
96,4_24,24,"How do you know you’ve emotionally graduated from a trend, with honors?",4,Online_Life,,,FALSE,1,5,"Trends, Friends & Emotional Graduation",#FFE066,1
97,4_25,25,What’s your relationship with deleting posts?,4,Online_Life,,,FALSE,1,4,"Posts I Regret, Posts I Miss",#ADD8E6,1
98,4_26,26,"You’re not the only one tired of pretending it’s all exciting. Boredom is a form of honesty too.

What would make social media feel less annoying?",4,Online_Life,,,TRUE,10,5,"Trends, Friends & Emotional Graduation",#FFE066,1
99,4_27,27,When you don’t post for a while…,4,Online_Life,,,FALSE,1,5,"Trends, Friends & Emotional Graduation",#FFAD84,1
100,5_1,1,"No dress code, no shade.
Style isn’t just what you wear—it’s a way to say “this is me” without talking.

What’s your dream outfit if no one could judge?",5,Pinky,,,FALSE,1,1,"Soft Power, Loud Heart",#D6C7E7,1
101,5_2,2,"Lip gloss, mascara, or blush—you only get one?
",5,Pinky,,,FALSE,1,2,"Tiny Things, Big Feelings",#ADD8E6,1
102,5_3,3,What color feels like “you” today?,5,Pinky,,,FALSE,1,1,"Soft Power, Loud Heart",#98FB98,1
103,5_4,4,"If your emotions had a scent, what would today’s be?",5,Pinky,,,FALSE,1,3,"Daily Drip, Inner Script",#B0C4DE,1
104,5_5,5,What’s your favorite kind of quiet?,5,Pinky,,,FALSE,1,1,"Soft Power, Loud Heart",#F08080,1
105,5_6,6,What tiny thing makes you feel loved?,5,Pinky,,,FALSE,1,2,"Tiny Things, Big Feelings",#ADD8E6,1
106,5_7,7,"If you could bottle a moment and wear it as perfume, what would it be?",5,Pinky,,,FALSE,1,2,"Tiny Things, Big Feelings",#FFAD84,1
107,5_8,8,What’s a red flag you’d walk past with sunglasses on?,5,Pinky,,,FALSE,1,1,"Soft Power, Loud Heart",#98FB98,1
108,5_9,9,What’s your personal theme song when you enter a room?,5,Pinky,,,FALSE,1,1,"Soft Power, Loud Heart",#FFE066,1
109,5_10,10,👕👗 If you had to pick one outfit combo to see every day for a year—on yourself or your crush—which one wins? ,5,Pinky,,,FALSE,1,3,"Daily Drip, Inner Script",#ADD8E6,1
110,5_11,11,What’s your “I woke up late” outfit —on yourself or your crush?  ,5,Pinky,,,FALSE,1,3,"Daily Drip, Inner Script",#FFE066,1
111,5_12,12,If you had to wear one for a year—shy but somehow magnetic—on yourself or your crush—which one wins?,5,Pinky,,,FALSE,1,3,"Daily Drip, Inner Script",#F08080,1
112,5_13,13,💼 If you had to wear one vibe for a year—bossy but in denial——on yourself or your crush—which one wins?,5,Pinky,,,FALSE,1,3,"Daily Drip, Inner Script",#FFE066,1
113,5_14,14,What’s a little thing that makes you feel pretty or powerful?,5,Pinky,,,FALSE,1,2,"Tiny Things, Big Feelings",#ADD8E6,1
114,6_1,1,"Some strengths don’t shout.
But they’re real—and they carry people more than anyone knows.
What’s your lowkey superpower no one sees?",6,Lowkey,,,TRUE,10,1,Lowkey Legends,#98FB98,1
115,6_2,2,"Being around people all the time is a lot.
There’s no wrong way to recharge—just your way.
What do you do when you need a break from everyone?",6,Lowkey,,,TRUE,10,2,"Quiet Mode, Full Power",#FFE066,1
116,6_3,3,🔵 What’s your personal theme song when you enter a room? (Lowkey Edition),6,Lowkey,,,FALSE,1,1,Lowkey Legends,#FFAD84,1
117,6_4,4,You walk into a room where everyone’s louder than you. What do you do?,6,Lowkey,,,TRUE,10,1,Lowkey Legends,#FFAD84,1
118,6_5,5,Your friend sends a long message. You don’t know how to reply.,6,Lowkey,,,FALSE,1,1,Lowkey Legends,#D6C7E7,1
119,6_6,6,Where do you usually sit when things feel too much?,6,Lowkey,,,FALSE,1,2,"Quiet Mode, Full Power",#ADD8E6,1
120,6_7,7,What’s your best move when you’re being watched?,6,Lowkey,,,FALSE,1,1,Lowkey Legends,#B0C4DE,1
121,6_8,8,What sound feels most like you?,6,Lowkey,,,FALSE,1,2,"Quiet Mode, Full Power",#F08080,1
122,6_9,9,👕👟 If you had to pick one outfit combo to see every day for a year—on yourself or your crush—which one wins? Lowkey,6,Lowkey,,,FALSE,1,1,Lowkey Legends,#98FB98,1
123,6_10,10,What’s your “I’m not trying but still cute” go-to—on yourself or your crush? Lowkey,6,Lowkey,,,FALSE,1,1,Lowkey Legends,#FFE066,1
124,6_11,11,🧲 If you had to wear one vibe for a year—lowkey nervous but somehow magnetic—on yourself or your crush—which one wins?,6,Lowkey,,,FALSE,1,2,"Quiet Mode, Full Power",#FFAD84,1
125,6_12,12,💼 If you had to wear one vibe for a year—bossy but in denial——on yourself or your crush—which one wins?,6,Lowkey,,,FALSE,1,2,"Quiet Mode, Full Power",#ADD8E6,1
126,7_1,1,"Want to know what other teens did this summer?
Answer this question and see how your summer compares.

What did you actually do this summer? (Check all that apply)",7,Personal,,,TRUE,10,1,Real Me & Summer Vibes,#FFAD84,1
127,7_2,2,"Everyone looks forward to summer—no school, more freedom.
This summer had a mood you didn’t see coming…
Share yours and see what surprised other teens too.

What’s one thing you didn’t expect to feel this summer?",7,Personal,,,TRUE,10,1,Real Me & Summer Vibes,#D6C7E7,1
128,7_3,3,"You know that feeling when you’re not performing, not shrinking—just being?

When do you feel most like yourself? ",7,Personal,,,TRUE,10,1,Real Me & Summer Vibes,#ADD8E6,1
129,7_4,4,Do you ever think about how the way you talk affects how clearly you get your point across?,7,Personal,,,FALSE,1,6,"Like, You Know, Kinda Confident",#98FB98,1
130,7_5,5,"This isn’t grammar police—we don’t care where commas go.
We’re just asking… how many “likes” per sentence are you rocking these days?
No shade. Just stats.",7,Personal,,,FALSE,1,6,"Like, You Know, Kinda Confident",#B0C4DE,1
131,7_6,6,"You know when you say “you know”… and the other person doesn’t actually know?
But you say it anyway… because it feels right?
So how often do you, like, you know… say “you know”?

(This question is—you know—kind of genius.)",7,Personal,,,FALSE,1,6,"Like, You Know, Kinda Confident",#F08080,1
132,7_7,7,"Have you ever changed yourself to fit in?
[playlist:spiral]",7,Personal,,,FALSE,1,1,Real Me & Summer Vibes,#ADD8E6,1
133,7_8,8,Who do you trust with your secrets?,7,Personal,,,FALSE,1,2,"Trust, Worth & What You Carry",#98FB98,1
134,7_9,9,"What makes you feel confident in who you are?
[playlist:Believe]",7,Personal,,,TRUE,10,1,Real Me & Summer Vibes,#ADD8E6,1
135,7_10,10,What’s something you regret not doing?,7,Personal,,,TRUE,10,3,"Regret, Repair, and the Road Ahead",#98FB98,1
136,7_11,11,What’s something you regret doing?,7,Personal,,,TRUE,10,3,"Regret, Repair, and the Road Ahead",#FFE066,1
137,7_12,12,Where does your creativity show up most?,7,Personal,,,FALSE,1,4,"Color, Weather, Sound: You",#ADD8E6,1
138,7_13,13,What’s your favorite way to express yourself?,7,Personal,,,FALSE,1,4,"Color, Weather, Sound: You",#FFB6C1,1
139,7_14,14,What do you do when your brain needs a break?,7,Personal,,,TRUE,10,4,"Color, Weather, Sound: You",#D6C7E7,1
140,7_15,15,What does being inspired feel like to you?,7,Personal,,,TRUE,10,8,Inspiration & Direction,#ADD8E6,1
141,7_16,16,When do you feel most inspired?,7,Personal,,,TRUE,10,8,Inspiration & Direction,#ADD8E6,1
142,7_17,17,What’s something you’re dealing with that your parents didn’t at your age?,7,Personal,,,TRUE,10,5,What They Don’t Get,#98FB98,1
143,7_18,18,What do you wish adults understood about being a teen?,7,Personal,,,TRUE,10,5,What They Don’t Get,#FFB6C1,1
144,7_19,19,Forget about parties—what do you wish politicians actually understood about your life?,7,Personal,,,TRUE,10,5,What The Adults Don’t Get,#FFE066,1
145,7_20,20,How do you handle the pressure to be perfect?,7,Personal,,,FALSE,1,5,What The Adults Don’t Get,#FFAD84,1
146,7_21,21,What helps you calm down when life feels too big?,7,Personal,,,FALSE,1,5,What The Adults Don’t Get,#ADD8E6,1
147,7_22,22,What color best matches your mood right now?,7,Personal,,,FALSE,1,4,"Color, Weather, Sound: You",#ADD8E6,1
148,7_23,23," If your thoughts had a soundtrack today, what would it sound like?",7,Personal,,,FALSE,1,4,"Color, Weather, Sound: You",#D6C7E7,1
149,7_24,24,"If your mind was a weather forecast today, what would it say?",7,Personal,,,FALSE,1,4,"Color, Weather, Sound: You",#98FB98,1
150,7_25,25,"If you could pack one emotion in your backpack forever, what would it be?",7,Personal,,,TRUE,10,3,"Regret, Repair, and the Road Ahead",#FFAD84,1
151,7_26,26,Do you ever feel like you’re on the outside looking in?,7,Personal,,,FALSE,1,7,Outside Looking In,#FFE066,1
152,7_27,27,If people go quiet when you walk by... what do you assume?,7,Personal,,,FALSE,1,2,"Trust, Worth & What You Carry",#ADD8E6,1
153,7_28,28,Think about something hard you’ve been through. What helped you get through it?,7,Personal,,,TRUE,10,3,"Regret, Repair, and the Road Ahead",#ADD8E6,1
154,7_29,29,What gives you energy when you feel drained?,7,Personal,,,TRUE,10,3,"Regret, Repair, and the Road Ahead",#FFB6C1,1
155,7_30,30,"What do you want to remind yourself when people leave you out?
[playlist:Rejection]
[playlist:Believe]",7,Personal,,,FALSE,1,2,"Trust, Worth & What You Carry",#F08080,1
156,7_31,31,"When things feel bad, who do you want to be?",7,Personal,,,TRUE,10,2,"Trust, Worth & What You Carry",#B0C4DE,1
157,7_32,32,What are you building right now that gives you energy or pride?,7,Personal,,,FALSE,1,1,Real Me & Summer Vibes,#98FB98,1
158,7_33,33,What helps you feel like you’re moving in a direction that matters?,7,Personal,,,TRUE,10,8,Inspiration & Direction,#FFE066,1
159,7_34,34,"After homework, who do you usually spend time with?",7,Personal,,,FALSE,1,7,Outside Looking In,#FFE066,1
160,7_35,35,When someone talks behind your back,7,Personal,,,TRUE,10,7,Outside Looking In,#F08080,1
161,7_36,36,When a teacher/adult treated you unfairly,7,Personal,,,TRUE,10,7,Outside Looking In,#B0C4DE,1
162,7_37,37,"When you feel disappointed, what helps you stay grounded?",7,Personal,,,TRUE,10,7,Outside Looking In,#F08080,1
163,8_1,1,"Forgiveness isn’t a race. Fast, slow, or never—how you handle it is still a story worth telling.

Do you forgive fast, slow… or never?",8,Healing,,,FALSE,1,1,"Forgive, for Real",#ADD8E6,1
164,8_2,2,What helps you forgive someone?,8,Healing,,,TRUE,10,1,"Forgive, for Real",#ADD8E6,1
165,8_3,3,Do you forgive yourself easily?,8,Healing,,,FALSE,1,1,"Forgive, for Real",#98FB98,1
166,8_4,4,What makes you feel like you’ve healed?,8,Healing,,,TRUE,10,1,"Forgive, for Real",#FFE066,1
167,8_5,5,"Imagine they’d actually listen.
No excuses. No eye rolls. Just… listening. 
[playlist:Hurt]

What would you say to the person who hurt you?",8,Healing,,,TRUE,10,2,The Way Forward,#F08080,1
168,8_6,6,What helps you move on from something that still stings?,8,Healing,,,TRUE,10,2,The Way Forward,#ADD8E6,1
169,8_7,7,What are the things you’ve done that helped you feel whole again?,8,Healing,,,TRUE,10,2,The Way Forward,#FFE066,1
170,9_1,1,"“Your self-worth is determined by you. You don’t have to depend on someone telling you who you are.” - bell hooks
What do you want to believe about yourself—even on tough days?",9,Defense,,,TRUE,10,1,I Know Who I Am,#FFAD84,1
171,9_2,2,"Many teens feel: “When the jokes stop, I can finally just be chill around them.”
What’s something you wish people would stop teasing you about?",9,Defense,,,TRUE,10,1,I Know Who I Am,#FFE066,1
172,9_3,3,"“When someone crosses the line, your body knows it—even if your face says nothing.” 
[playlist:Believe]

What’s your go-to move when someone crosses the line?",9,Defense,,,FALSE,1,1,I Know Who I Am,#D6C7E7,1
173,9_4,4,You get one line to shut down a hater—what is it?,9,Defense,,,FALSE,1,1,I Know Who I Am,#ADD8E6,1
174,9_5,5,"1 in 5 teens experienced bullying. 
You see someone being physically bullied in the hallway—like shoved, blocked, or grabbed. What do you do?",9,Defense,,,FALSE,1,2,Someone Has to Do Something,#98FB98,1
175,9_6,6,"If you see someone being verbally bullied, what do you do?",9,Defense,,,FALSE,1,2,Someone Has to Do Something,#B0C4DE,1
176,9_7,7,"Let’s say someone starts physically bullying you—like shoving, hitting, or threatening you. What do you think you’d do?",9,Defense,,,FALSE,1,2,Someone Has to Do Something,#F08080,1
177,9_8,8,"If someone’s byllied you—insulting, mocking, or spreading rumors. How would you respond?",9,Defense,,,FALSE,1,2,Someone Has to Do Something,#ADD8E6,1
178,9_9,9,If someone left a mean comment on your post... what would you do?,9,Defense,,,FALSE,1,2,Someone Has to Do Something,#98FB98,1
179,9_10,10,"What if someone made fun of your parent—how they look, talk, or what they do?",9,Defense,,,TRUE,10,2,Someone Has to Do Something,#B0C4DE,1
180,9_11,11,What’s your villain origin story?,9,Defense,,,TRUE,10,1,I Know Who I Am,#F08080,1
181,9_12,12,"If someone tries to bring drama, what’s your signature move?",9,Defense,,,FALSE,1,1,I Know Who I Am,#ADD8E6,1
182,9_13,13,"No judgment—everyone handles tension their own way. Some pause. Some pounce. Some panic and joke.
What’s your go-to rhythm? 
We’re not clocking you like it’s the Olympics—just curious what your survival setting is.
How many seconds do you pause before replying—especially with difficult people?",9,Defense,,,FALSE,1,1,I Know Who I Am,#FFAD84,1
183,10_1,1,"Every house has a rhythm—what was yours?
Vibes speak even when people don’t. Summer shows how people fit (or don’t)

What was your family vibe this summer?",10,Family,,,FALSE,1,1,Home is a Vibe,#FFB6C1,1
184,10_2,2,Do you talk about your day or interesting topics during dinner?,10,Family,,,FALSE,1,1,Home is a Vibe,#98FB98,1
185,10_3,3,Have you ever lied to your parents?,10,Family,,,FALSE,1,1,Home is a Vibe,#FFE066,1
186,10_4,4,How often do you lie in general?,10,Family,,,FALSE,1,1,Home is a Vibe,#ADD8E6,1
187,10_5,5,"If you ever hide the truth from your parents, what are you usually hiding?",10,Family,,,FALSE,1,1,Home is a Vibe,#FFB6C1,1
188,10_6,6,"When you avoid telling someone the full truth, what’s usually about this person?",10,Family,,,FALSE,1,1,Home is a Vibe,#ADD8E6,1
189,10_7,7,What makes you feel safe enough to tell someone the whole truth?,10,Family,,,FALSE,1,1,Home is a Vibe,#F08080,1
190,10_8,8,"Sibling energy is real—whether it’s war, peace, or just awkward silence.
Some bonds are loud. Some are quiet. All of them shape you.

What’s the dynamic you know too well?",10,Family,,,FALSE,1,1,Home is a Vibe,#ADD8E6,1
191,10_9,9,"Every family has tension—loud or quiet, it shows up. Some people rush in. Some shut down. Some disappear. There’s no perfect way to handle it—but your pattern comes from somewhere—and it matters.

When someone in your family is upset, what do you do?",10,Family,,,FALSE,1,3,When Home Gets Loud,#FFE066,1
192,10_10,10,"Every house argues—it’s part of being human. But how it starts… and how it ends… tells you a lot. What’s the script you know by heart?

How do arguments usually go in your house?",10,Family,,,FALSE,1,3,When Home Gets Loud,#FFB6C1,1
193,10_11,11,"Most tension starts small—until it builds into something big. It’s not just what people fight about—it’s what goes unsaid that builds pressure.

What sparks it most where you live?",10,Family,,,FALSE,1,3,When Home Gets Loud,#FFAD84,1
194,10_12,12,"Every couple fights—it’s part of being close. But how they argue teaches you something: What respect looks like. Whether people take responsibility.
Whether things get repaired—or just buried.

How do your parents argue?",10,Family,,,FALSE,1,3,When Home Gets Loud,#FFE066,1
195,10_13,13,"Even when it’s hard to watch, arguments can teach us things. 

What have your parents’ arguments taught you—about love, respect, or yourself?",10,Family,,,TRUE,10,3,When Home Gets Loud,#F08080,1
196,10_14,14,"Every household has repeat fights—like a playlist stuck on loop.

What do your parents usually argue about?",10,Family,,,FALSE,1,3,When Home Gets Loud,#D6C7E7,1
197,10_15,15,"Parents don’t always say what’s really going on. But you feel it—through their moods, their tone, their silence.

What do you think is weighing on them lately?",10,Family,,,FALSE,1,3,When Home Gets Loud,#ADD8E6,1
198,10_16,16,"Even if it’s not your fight, it affects you. Some teens hide. Some freeze. Some jump in.

What’s your instinct when the room goes tense?",10,Family,,,FALSE,1,3,When Home Gets Loud,#98FB98,1
199,10_17,17,"The kitchen CEO has the power: they choose the menu, set the vibe, control the spice level, and who complains about it..
Curious how your setup compares to others? You’re about to help build the stats.

Who cooks in your home most of the time?",10,Family,,,FALSE,1,4,Chores,#B0C4DE,1
200,10_18,18,How’s the mess level in your house vs your room?,10,Family,,,FALSE,1,4,Chores,#F08080,1
201,10_19,19,"Some chores you’re asked to do. Others just… become yours.
Cooking, cleaning, babysitting—every home runs on someone’s effort.

Which jobs do you find yourself doing (even when no one says thanks)?",10,Family,,,TRUE,10,4,Chores,#ADD8E6,1
202,10_20,20,"Some people get paid for chores. Some get paid for grades. Some get… nothing.
Allowance rules say a lot about how families see effort, trust, and money.
Curious how your setup compares to others? You’re about to help build the stats.

Is your allowance based on anything?",10,Family,,,FALSE,1,4,Chores,#FFB6C1,1
203,10_21,21,"Some save. Some spend. Some make it disappear on snacks and vibes.
Money habits start early—even the tiny ones.

What do you usually do with your allowance?",10,Family,,,TRUE,10,4,Chores,#98FB98,1
204,10_22,22,"You don’t always say it out loud—but it still leaks out. Some teens hide. Some shut down. Some start fights.

When something hurts, what do you actually do at home?
",10,Family,,,FALSE,1,2,Household,#FFE066,1
205,10_23,23,"Some things are hard to say out loud—but they still matter. Feeling misunderstood can make even love feel heavy.
[playlist:Family]

What do you wish your parent understood about you?",10,Family,,,FALSE,1,1,Home is a Vibe,#FFAD84,1
206,10_24,24,"Support isn’t just about love—it’s about how it’s given. Even the best intentions can miss the mark.
What would actually help you feel seen and heard?
Want to say something without a fight?
Share this playlist with your parent.
It's not about blame. It’s about how support can feel strong and soft.
[playlist:Family]

What do you wish your parents did differently to support you?",10,Family,,,TRUE,10,2,Household,#D6C7E7,1
207,11_1,1,"Did you know many teens have tried AI for school or learning?
Have you used the following AI tools?",11,Future,,,TRUE,10,1,"AI & Me: Use It, Build It, or Stop it",#F08080,1
208,11_2,2,What did you use them for? ,11,Future,,,TRUE,10,1,"AI & Me: Use It, Build It, or Stop it",#ADD8E6,1
209,11_3,3,What’s stopping you from using AI more?,11,Future,,,FALSE,1,1,"AI & Me: Use It, Build It, or Stop it",#98FB98,1
210,11_4,4,What is your plan with AI? ,11,Future,,,FALSE,1,1,"AI & Me: Use It, Build It, or Stop it",#B0C4DE,1
211,11_5,5,"If you chose to build it or use it, which role sounds most like you?",11,Future,,,FALSE,1,1,"AI & Me: Use It, Build It, or Stop it",#F08080,1
212,11_6,6,Should we stop AI?,11,Future,,,FALSE,1,1,"AI & Me: Use It, Build It, or Stop it",#ADD8E6,1
213,11_7,7,"You don’t get polled—but you’ll live the outcome.
AI is changing jobs, and 41% of grads aren’t using their degrees.
What kinds of new jobs do you think could grow—knowing no one can really predict the future?

You may want to check out ""The Future of Work"" at BBC ",11,Future,,,TRUE,10,2,"Work, Worth & the AI Economy",#FFB6C1,1
214,11_8,8,"If you could make good money without a degree, would you skip college?
No one path fits all. But asking these questions early? That’s what smart people do.",11,Future,,,FALSE,1,2,"Work, Worth & the AI Economy",#98FB98,1
215,11_9,9,Should you learn to weld and make $150k underwater?,11,Future,,,FALSE,1,2,"Work, Worth & the AI Economy",#ADD8E6,1
216,11_10,10,"Plumbing: one of the last jobs robots can’t do (yet).
Would you?",11,Future,,,FALSE,1,2,"Work, Worth & the AI Economy",#98FB98,1
217,11_11,11,"Plenty of sunshine. Plenty of weeds. No robots in sight (yet).
Jobs like hand-weeding are open. Would you take one?",11,Future,,,FALSE,1,2,"Work, Worth & the AI Economy",#ADD8E6,1
218,11_12,12,How much would you want to be paid per year to pull weeds?,11,Future,,,FALSE,1,2,"Work, Worth & the AI Economy",#F08080,1
219,11_13,13,"How much do you think workers like this (e.g., weeding by hand) are usually paid per year?",11,Future,,,FALSE,1,2,"Work, Worth & the AI Economy",#D6C7E7,1
220,11_14,14,"Even before AI hit the job market, over half of young adults (18–29) were still living with their parents.
If jobs stay flaky and rent keeps climbing, what’s your Plan B?",11,Future,,,FALSE,1,2,"Work, Worth & the AI Economy",#FFAD84,1
221,11_15,15,"When AI does the work, humans still need to eat.
Should the government step in—or let it play out?
Your ideas now could shape what happens next.
This isn’t a quiz—it’s a fork in the road.",11,Future,,,FALSE,1,2,"Work, Worth & the AI Economy",#FFE066,1
222,11_16,16,"Let’s say you got $1,000/month UBI, no strings attached.
Would it be survival? Freedom? Strategy?
What’s your real plan?",11,Future,,,FALSE,1,2,"Work, Worth & the AI Economy",#F08080,1
223,11_17,17,"If AI is so powerful—like, powerful enough to take everyone’s job—why can’t it earn $100K a year for everyone?",11,Future,,,FALSE,1,2,"Work, Worth & the AI Economy",#D6C7E7,1
224,11_18,18,"You grew up with AI in your pocket.
Maybe you’re the first generation to dream beyond survival.
What would you do if you had $100K/year—no strings attached?",11,Future,,,TRUE,10,2,"Work, Worth & the AI Economy",#ADD8E6,1
225,11_19,19,"If AI can do most of the thinking, what do you think humans are here for?",11,Future,,,FALSE,1,2,"Work, Worth & the AI Economy",#98FB98,1
226,11_20,20,"AI might replace jobs—but it doesn’t have to replace people.
Why do you think people should work?",11,Future,,,TRUE,10,2,"Work, Worth & the AI Economy",#B0C4DE,1
227,11_21,21,In a world changing fast—what do you hope your future self will thank you for?,11,Future,,,TRUE,10,3,"Future Me: Real, Brave, and Still Human",#F08080,1
228,11_22,22,"In a tech-filled future, what still excites you most?",11,Future,,,TRUE,10,3,"Future Me: Real, Brave, and Still Human",#ADD8E6,1
229,11_23,23,What’s something you secretly hope to be amazing at?,11,Future,,,TRUE,10,3,"Future Me: Real, Brave, and Still Human",#FFB6C1,1
230,11_24,24,What’s your biggest fear about the future?,11,Future,,,TRUE,10,3,"Future Me: Real, Brave, and Still Human",#98FB98,1
231,11_25,25,What are you quietly building for your future self—something even smarter tech can’t touch?,11,Future,,,TRUE,10,3,"Future Me: Real, Brave, and Still Human",#FFE066,1
232,12_1,1,"Back-to-school isn’t just supplies and schedules.
It’s a whole emotional climate change.
What’s your first day of school vibe?",12,School,,,FALSE,1,1,Ready or Not,#FFAD84,1
233,12_2,2,What went through your head when you saw your class seating chart?,12,School,,,FALSE,1,1,Ready or Not,#D6C7E7,1
234,12_3,3,How different do you feel compared to last school year?,12,School,,,FALSE,1,1,Ready or Not,#F08080,1
235,12_4,4,What was your school vibe last year?,12,School,,,FALSE,1,1,Ready or Not,#ADD8E6,1
236,12_5,5,Which school subjects do you actually enjoy? (Pick up to 3),12,School,,,TRUE,3,1,Ready or Not,#98FB98,1
237,12_6,6,What stresses you the most?,12,School,,,FALSE,1,1,Ready or Not,#B0C4DE,1
238,12_7,7,Which PE sports do you like most? (Pick up to 3),12,School,,,TRUE,3,1,Ready or Not,#F08080,1
239,12_8,8,"If you had to choose a vibe: cozy, chaotic, chill, or clever?",12,School,,,FALSE,1,2,Between the Bells,#ADD8E6,1
240,12_9,9,Where do you feel most like yourself in school?,12,School,,,FALSE,1,2,Between the Bells,#FFB6C1,1
241,12_10,10,What’s your usual hallway energy?,12,School,,,FALSE,1,2,Between the Bells,#98FB98,1
242,12_11,11,"
For some, lunch's the best part of the day. For others, it’s like surviving a social obstacle course.
How does lunchtime usually feel for you?",12,School,,,FALSE,1,2,Between the Bells,#ADD8E6,1
243,12_12,12,When the teacher asks a question and no one answers…,12,School,,,FALSE,1,3,When You Speak Up,#FFAD84,1
244,12_13,13,"If a teacher calls on you and you don’t know the answer, what do you do?",12,School,,,FALSE,1,3,When You Speak Up,#F08080,1
245,12_14,14,"If you give the wrong answer in class, what do you do next?",12,School,,,FALSE,1,3,When You Speak Up,#D6C7E7,1
246,12_15,15,You said something in class or in a group… and everyone just ignored it. What’s your first thought?,12,School,,,FALSE,1,3,When You Speak Up,#ADD8E6,1
247,12_16,16,How do you feel turning in something early?,12,School,,,FALSE,1,3,When You Speak Up,#98FB98,1
248,12_17,17,When a group project falls apart but you did your part…,12,School,,,FALSE,1,3,When You Speak Up,#B0C4DE,1
249,12_18,18,"Teachers are asking for more meaningful teaching.
Students are asking for more purpose and connection.
And AI? It’s already answering the easy stuff—so what we teach (and how) has to evolve.
So what do you wish school did differently—to actually help students like you?",12,School,,,TRUE,10,4,Rethinking School ,#F08080,1
250,12_19,19,What do you wish your teacher understood about you?,12,School,,,FALSE,1,4,Rethinking School ,#ADD8E6,1
251,12_20,20,What do you think your teachers might be struggling with?,12,School,,,TRUE,10,4,Rethinking School ,#FFB6C1,1
252,13_1,1,Which video games do you play the most?,13,Fun_Stuff,,,FALSE,1,1,Video Games,#98FB98,1
253,13_2,2,Who do you play games with the most?,13,Fun_Stuff,,,FALSE,1,1,Video Games,#FFE066,1
254,13_3,3,What keeps you playing a game? What’s the hook? (Pick one or two),13,Fun_Stuff,,,TRUE,2,1,Video Games,#FFAD84,1
255,13_4,4,When do you usually play video games?,13,Fun_Stuff,,,FALSE,1,1,Video Games,#98FB98,1
256,13_5,5,"If this were your last meal, what would you choose for your main course?",13,Fun_Stuff,,,FALSE,1,2,Food,#D6C7E7,1
257,13_6,6,"If this were your last meal, what would you choose for your drink?",13,Fun_Stuff,,,FALSE,1,2,Food,#F08080,1
258,13_7,7,What kind of shows or movies do you watch most? (Pick up to 3),13,Fun_Stuff,,,TRUE,3,3,Movies/Shows,#ADD8E6,1
259,13_8,8,Where do you usually watch movies or shows? (Pick up to 3),13,Fun_Stuff,,,TRUE,3,3,Movies/Shows,#FFAD84,1
260,13_9,9,"Do you watch sports? If yes, what do you watch the most? (Pick 2)",13,Fun_Stuff,,,TRUE,2,4,Sports,#FFE066,1
261,14_1,1,What do you do when you feel a fart coming during class?,14,Chaos,,,FALSE,1,1,Bodily Betrayal 101,#F08080,1
262,14_2,2,What’s the worst time for your stomach to make a weird noise?,14,Chaos,,,FALSE,1,1,Bodily Betrayal 101,#ADD8E6,1
263,14_3,3,What’s the worst time to sneeze?,14,Chaos,,,FALSE,1,1,Bodily Betrayal 101,#FFB6C1,1
264,14_4,4,Which day is the worst to wake up with a giant pimple?,14,Chaos,,,FALSE,1,1,Bodily Betrayal 101,#D6C7E7,1
265,14_5,5,What do you do when you wave back—and realize it wasn’t for you?,14,Chaos,,,FALSE,1,2,Cringe & Chaos Edition,#98FB98,1
266,14_6,6,What’s the dumbest reason your friend group has ever argued?,14,Chaos,,,FALSE,1,2,Cringe & Chaos Edition,#FFAD84,1
267,14_7,7,"If your group had a TV show, what’s the first episode called?",14,Chaos,,,FALSE,1,2,Cringe & Chaos Edition,#ADD8E6,1
268,14_8,8,What’s the snack rule at your sleepovers? ,14,Chaos,,,FALSE,1,2,Cringe & Chaos Edition,#D6C7E7,1